date,rating
2024-06-05,3.9
2024-06-06,4.07
2024-06-07,4.17
2024-06-08,3.66
2024-06-09,3.47
2024-06-10,3.41
2024-06-11,4.49
2024-06-12,3.71
2024-06-13,3.3
2024-06-14,4.38
2024-06-15,3.39
2024-06-16,4.65
2024-06-17,3.91
2024-06-18,3.65
2024-06-19,3.03
2024-06-20,4.09
2024-06-21,3.87
2024-06-22,4.2
2024-06-23,4.59
2024-06-24,4.39
2024-06-25,3.32
2024-06-26,4.05
2024-06-27,4.07
2024-06-28,3.37
2024-06-29,4.41
2024-06-30,4.32
2024-07-01,3.35
2024-07-02,3.18
2024-07-03,3.14
2024-07-04,3.33
2024-07-05,3.41
2024-07-06,4.64
2024-07-07,4.56
2024-07-08,3.34
2024-07-09,3.58
2024-07-10,3.8
2024-07-11,4.27
2024-07-12,3.16
2024-07-13,3.23
2024-07-14,3.39
2024-07-15,4.37
2024-07-16,3.04
2024-07-17,4.01
2024-07-18,4.64
2024-07-19,4.77
2024-07-20,4.24
2024-07-21,3.84
2024-07-22,3.42
2024-07-23,4.45
2024-07-24,4.78
2024-07-25,4.43
2024-07-26,3.03
2024-07-27,4.3
2024-07-28,3.65
2024-07-29,4.03
2024-07-30,4.07
2024-07-31,3.04
2024-08-01,3.8
2024-08-02,4.38
2024-08-03,3.07
2024-08-04,3.51
2024-08-05,3.66
2024-08-06,3.2
2024-08-07,3.36
2024-08-08,3.12
2024-08-09,4.57
2024-08-10,4.78
2024-08-11,4.42
2024-08-12,3.83
2024-08-13,3.13
2024-08-14,3.15
2024-08-15,3.74
2024-08-16,4.42
2024-08-17,3.72
2024-08-18,3.78
2024-08-19,3.48
2024-08-20,3.72
2024-08-21,4.39
2024-08-22,3.98
2024-08-23,3.77
2024-08-24,4.72
2024-08-25,3.96
2024-08-26,3.56
2024-08-27,3.91
2024-08-28,3.12
2024-08-29,3.3
2024-08-30,4.64
2024-08-31,4.76
2024-09-01,4.63
2024-09-02,4.35
2024-09-03,3.88
2024-09-04,3.03
2024-09-05,4.9
2024-09-06,3.64
2024-09-07,4.75
2024-09-08,4.53
2024-09-09,3.77
2024-09-10,4.1
2024-09-11,3.84
2024-09-12,3.04
2024-09-13,3.62
2024-09-14,4.5
2024-09-15,4.6
2024-09-16,3.55
2024-09-17,3.73
2024-09-18,3.44
2024-09-19,4.45
2024-09-20,4.33
2024-09-21,3.42
2024-09-22,4.09
2024-09-23,3.94
2024-09-24,4.59
2024-09-25,4.22
2024-09-26,3.17
2024-09-27,3.55
2024-09-28,3.84
2024-09-29,4.97
2024-09-30,4.2
2024-10-01,3.65
2024-10-02,3.12
2024-10-03,3.16
2024-10-04,3.39
2024-10-05,3.48
2024-10-06,4.68
2024-10-07,3.46
2024-10-08,4.58
2024-10-09,4.15
2024-10-10,4.57
2024-10-11,4.3
2024-10-12,4.74
2024-10-13,4.86
2024-10-14,4.08
2024-10-15,4.33
2024-10-16,4.1
2024-10-17,4.88
2024-10-18,3.6
2024-10-19,3.45
2024-10-20,4.94
2024-10-21,4.22
2024-10-22,3.41
2024-10-23,4.38
2024-10-24,3.18
2024-10-25,3.63
2024-10-26,3.27
2024-10-27,4.63
2024-10-28,3.54
2024-10-29,3.02
2024-10-30,3.54
2024-10-31,3.47
2024-11-01,4.85
2024-11-02,3.3
2024-11-03,3.75
2024-11-04,4.78
2024-11-05,4.42
2024-11-06,3.22
2024-11-07,4.13
2024-11-08,4.43
2024-11-09,3.77
2024-11-10,4.99
2024-11-11,3.87
2024-11-12,4.05
2024-11-13,3.1
2024-11-14,4.84
2024-11-15,3.43
2024-11-16,4.32
2024-11-17,3.55
2024-11-18,4.38
2024-11-19,3.31
2024-11-20,4.67
2024-11-21,4.44
2024-11-22,3.62
2024-11-23,4.9
2024-11-24,4.23
2024-11-25,4.54
2024-11-26,3.7
2024-11-27,4.05
2024-11-28,3.25
2024-11-29,4.95
2024-11-30,4.4
2024-12-01,4.87
2024-12-02,4.74
2024-12-03,4.37
2024-12-04,4.63
2024-12-05,3.56
2024-12-06,3.7
2024-12-07,4.32
2024-12-08,4.9
2024-12-09,3.94
2024-12-10,3.07
2024-12-11,4.26
2024-12-12,3.01
2024-12-13,4.72
2024-12-14,3.49
2024-12-15,4.43
2024-12-16,3.37
2024-12-17,3.33
2024-12-18,4.84
2024-12-19,3.09
2024-12-20,4.99
2024-12-21,3.97
2024-12-22,4.07
2024-12-23,4.53
2024-12-24,4.46
2024-12-25,3.44
2024-12-26,4.94
2024-12-27,4.78
2024-12-28,4.01
2024-12-29,3.29
2024-12-30,4.93
2024-12-31,3.75
2025-01-01,4.61
2025-01-02,4.64
2025-01-03,4.74
2025-01-04,3.07
2025-01-05,4.2
2025-01-06,3.01
2025-01-07,3.3
2025-01-08,4.79
2025-01-09,4.27
2025-01-10,3.75
2025-01-11,4.53
2025-01-12,3.88
2025-01-13,4.2
2025-01-14,3.34
2025-01-15,3.58
2025-01-16,4.47
2025-01-17,4.38
2025-01-18,4.87
2025-01-19,4.9
2025-01-20,4.11
2025-01-21,4.78
2025-01-22,4.04
2025-01-23,3.2
2025-01-24,4.87
2025-01-25,3.95
2025-01-26,4.66
2025-01-27,3.14
2025-01-28,4.22
2025-01-29,4.61
2025-01-30,3.41
2025-01-31,4.87
2025-02-01,3.97
2025-02-02,4.77
2025-02-03,4.48
2025-02-04,4.76
2025-02-05,3.78
2025-02-06,4.15
2025-02-07,4.08
2025-02-08,3.19
2025-02-09,3.35
2025-02-10,4.84
2025-02-11,4.01
2025-02-12,4.64
2025-02-13,4.3
2025-02-14,3.41
2025-02-15,3.33
2025-02-16,3.52
2025-02-17,3.82
2025-02-18,3.74
2025-02-19,4.18
2025-02-20,3.63
2025-02-21,4.18
2025-02-22,4.02
2025-02-23,4.9
2025-02-24,3.63
2025-02-25,3.81
2025-02-26,4.14
2025-02-27,3.63
2025-02-28,3.97
2025-03-01,4.79
2025-03-02,4.25
2025-03-03,4.21
2025-03-04,4.5
2025-03-05,3.99
2025-03-06,3.63
2025-03-07,4.43
2025-03-08,4.24
2025-03-09,4.43
2025-03-10,3.22
2025-03-11,3
2025-03-12,3.19
2025-03-13,4.93
2025-03-14,4.53
2025-03-15,4.62
2025-03-16,4.2
2025-03-17,4.84
2025-03-18,3.66
2025-03-19,4.13
2025-03-20,4.85
2025-03-21,3.3
2025-03-22,3.95
2025-03-23,4.19
2025-03-24,3.62
2025-03-25,4.76
2025-03-26,4.01
2025-03-27,3.62
2025-03-28,4.24
2025-03-29,4.17
2025-03-30,4.59
2025-03-31,3.29
2025-04-01,4.2
2025-04-02,4.77
2025-04-03,3.93
2025-04-04,3.88
2025-04-05,3.44
2025-04-06,3.46
2025-04-07,4.52
2025-04-08,3.04
2025-04-09,4.72
2025-04-10,4.47
2025-04-11,3.47
2025-04-12,3.66
2025-04-13,3.07
2025-04-14,4.93
2025-04-15,3.86
2025-04-16,3.04
2025-04-17,4.46
2025-04-18,3.11
2025-04-19,3.63
2025-04-20,3.68
2025-04-21,3.1
2025-04-22,3.71
2025-04-23,3.92
2025-04-24,4.97
2025-04-25,4.18
2025-04-26,4.24
2025-04-27,4.88
2025-04-28,3.48
2025-04-29,4.49
2025-04-30,3.03
2025-05-01,3.83
2025-05-02,4.14
2025-05-03,4.27
2025-05-04,4.86
2025-05-05,4.35
2025-05-06,3.76
2025-05-07,3.13
2025-05-08,3.02
2025-05-09,3.41
2025-05-10,4.69
2025-05-11,3.26
2025-05-12,4.23
2025-05-13,4.94
2025-05-14,4.65
2025-05-15,4.71
2025-05-16,3.82
2025-05-17,3.78
2025-05-18,3.55
2025-05-19,3.18
2025-05-20,4.28
2025-05-21,4.99
2025-05-22,4.31
2025-05-23,3.97
2025-05-24,3.59
2025-05-25,3.36
2025-05-26,3.89
2025-05-27,4.17
2025-05-28,4.74
2025-05-29,3.87
2025-05-30,3.51
2025-05-31,4.49
2025-06-01,4.04
2025-06-02,3.48
2025-06-03,4.65
2025-06-04,4.68